﻿SET IDENTITY_INSERT [dbo].[Client] ON 

INSERT [dbo].[Client] ([Id], [Name], [Location], [District], [ClientType]) VALUES (2, N'Patrick Schedler', N'Darling Harbour', N'SYDNEY', N'FAMILY')
INSERT [dbo].[Client] ([Id], [Name], [Location], [District], [ClientType]) VALUES (3, N'Andy Shen', N'Ultimo', N'RURAL_PNG', N'PERSON')
INSERT [dbo].[Client] ([Id], [Name], [Location], [District], [ClientType]) VALUES (4, N'Ben Stevens', N'Mountain St', N'RURAL_NSW', N'PERSON')
INSERT [dbo].[Client] ([Id], [Name], [Location], [District], [ClientType]) VALUES (5, N'Wai Lok Yuen', N'Pitt St', N'URBAN_INDONESIA', N'COMMUNITY')
INSERT [dbo].[Client] ([Id], [Name], [Location], [District], [ClientType]) VALUES (6, N'Tom Gerry', N'Wollongong', N'RURAL_INDONESIA', N'PERSON')
INSERT [dbo].[Client] ([Id], [Name], [Location], [District], [ClientType]) VALUES (7, N'Jason Lasker', N'Katoomba', N'URBAN_PNG', N'PERSON')
SET IDENTITY_INSERT [dbo].[Client] OFF
INSERT [dbo].[AspNetUsers] ([Id], [Email], [EmailConfirmed], [PasswordHash], [SecurityStamp], [PhoneNumber], [PhoneNumberConfirmed], [TwoFactorEnabled], [LockoutEndDateUtc], [LockoutEnabled], [AccessFailedCount], [UserName]) VALUES (N'0c5bfb3d-f37d-4e8b-8407-85c27b256b33', N'george@enetcare.com', 0, N'AFRq9OdUKs3F8rSOmOJXtwiefwUksF4QqXOELuJzp7bbJV2Ec143QE2ri/8IxlkG3g==', N'a53db9a6-e0c8-4754-b2ea-c66dd0ed12a6', NULL, 0, 0, NULL, 1, 0, N'george@enetcare.com')
INSERT [dbo].[AspNetUsers] ([Id], [Email], [EmailConfirmed], [PasswordHash], [SecurityStamp], [PhoneNumber], [PhoneNumberConfirmed], [TwoFactorEnabled], [LockoutEndDateUtc], [LockoutEnabled], [AccessFailedCount], [UserName]) VALUES (N'7306ce93-909b-4998-941c-3fd3844fe667', N'carol@enetcare.com', 0, N'AAU785w5CzojnmsXwnY6AncnYLno05ia7KJO2DB22HGGvnFP72+jHinlWKqAiB+6+A==', N'6c420141-83d0-4887-b194-6cca98753a41', NULL, 0, 0, NULL, 1, 0, N'carol@enetcare.com')
INSERT [dbo].[AspNetUsers] ([Id], [Email], [EmailConfirmed], [PasswordHash], [SecurityStamp], [PhoneNumber], [PhoneNumberConfirmed], [TwoFactorEnabled], [LockoutEndDateUtc], [LockoutEnabled], [AccessFailedCount], [UserName]) VALUES (N'8638e3ad-14dc-4a3d-bace-a47307a79dc5', N'dena@enetcare.com', 0, N'AFnRG8u68ArIWEvgBgDErdbhjSOOmJZIT6TMHHikTl5koyj4t4EIMjsBNH/q1ger/Q==', N'9eed97a9-d0e5-4f66-9ea7-70a28bac7686', NULL, 0, 0, NULL, 1, 0, N'dena@enetcare.com')
INSERT [dbo].[AspNetUsers] ([Id], [Email], [EmailConfirmed], [PasswordHash], [SecurityStamp], [PhoneNumber], [PhoneNumberConfirmed], [TwoFactorEnabled], [LockoutEndDateUtc], [LockoutEnabled], [AccessFailedCount], [UserName]) VALUES (N'8c6c7238-1a63-4f7d-adf3-b7ae9d40987c', N'davy@enetcare.com', 0, N'APWKb1gTUQjvEI94wpB2rjy2OK8bIbKTfvwYOb6FmkHLCXghzYEjR+vxKHnEYui3Bw==', N'240110cd-f127-4386-9c2a-95374ea58369', NULL, 0, 0, NULL, 1, 0, N'davy@enetcare.com')
INSERT [dbo].[AspNetUsers] ([Id], [Email], [EmailConfirmed], [PasswordHash], [SecurityStamp], [PhoneNumber], [PhoneNumberConfirmed], [TwoFactorEnabled], [LockoutEndDateUtc], [LockoutEnabled], [AccessFailedCount], [UserName]) VALUES (N'8f91ac99-439e-4da0-9732-8b83203aa412', N'alice@enetcare.com', 0, N'AIILNLW3U4c2t/Jf5m1lVtdQCKN2Qaez0KgfJMvdWZK+gNBsQNQIpohr3xRlE8HmlA==', N'36e8bde3-64e7-46ca-93b4-ab658e8f95c8', NULL, 0, 0, NULL, 1, 0, N'alice@enetcare.com')
INSERT [dbo].[AspNetUsers] ([Id], [Email], [EmailConfirmed], [PasswordHash], [SecurityStamp], [PhoneNumber], [PhoneNumberConfirmed], [TwoFactorEnabled], [LockoutEndDateUtc], [LockoutEnabled], [AccessFailedCount], [UserName]) VALUES (N'b302e6d1-7c17-47a0-9a7e-6df4a1ef4bab', N'sam@enetcare.com', 0, N'ACekzlEZHE+4N4dRXyFv1ixkd9nLrxyRZfpRSbZh7cv++9eWbpmTpUiP7C8VllfJBw==', N'553cba3d-f156-40b9-9247-87d3607628ee', NULL, 0, 0, NULL, 1, 0, N'sam@enetcare.com')
INSERT [dbo].[AspNetUsers] ([Id], [Email], [EmailConfirmed], [PasswordHash], [SecurityStamp], [PhoneNumber], [PhoneNumberConfirmed], [TwoFactorEnabled], [LockoutEndDateUtc], [LockoutEnabled], [AccessFailedCount], [UserName]) VALUES (N'fa6d10e5-a80e-4cb9-a03c-ddfb1d648117', N'lisa@enetcare.com', 0, N'AFkoDGW8y2U0oihDL7Q5OK1Q7BcdyV8SOJXLqfudWmJG5+x6SJPTTC+mJvVfzqJZNQ==', N'd2c5f688-704e-4812-8b13-c836cb5c806d', NULL, 0, 0, NULL, 1, 0, N'lisa@enetcare.com')
INSERT [dbo].[AspNetUsers] ([Id], [Email], [EmailConfirmed], [PasswordHash], [SecurityStamp], [PhoneNumber], [PhoneNumberConfirmed], [TwoFactorEnabled], [LockoutEndDateUtc], [LockoutEnabled], [AccessFailedCount], [UserName]) VALUES (N'fbf49f00-582a-430f-8d89-b877bec8cd86', N'tom@enetcare.com', 0, N'AEv5+Hp4dm/OGjl1Hx4ru00ze9rnDF1y4Xx92f0pHY72/jqJznO93nnlI5+7YJLljw==', N'ad4433ca-3fc5-4e4a-b71f-c573d047a13b', NULL, 0, 0, NULL, 1, 0, N'tom@enetcare.com')
SET IDENTITY_INSERT [dbo].[Employee] ON 

INSERT [dbo].[Employee] ([Id], [UserId], [Name]) VALUES (1, N'0c5bfb3d-f37d-4e8b-8407-85c27b256b33', N'George')
INSERT [dbo].[Employee] ([Id], [UserId], [Name]) VALUES (2, N'7306ce93-909b-4998-941c-3fd3844fe667', N'Carol')
INSERT [dbo].[Employee] ([Id], [UserId], [Name]) VALUES (3, N'fa6d10e5-a80e-4cb9-a03c-ddfb1d648117', N'Lisa')
INSERT [dbo].[Employee] ([Id], [UserId], [Name]) VALUES (4, N'8638e3ad-14dc-4a3d-bace-a47307a79dc5', N'Dena')
INSERT [dbo].[Employee] ([Id], [UserId], [Name]) VALUES (9, N'8c6c7238-1a63-4f7d-adf3-b7ae9d40987c', N'Davy')
INSERT [dbo].[Employee] ([Id], [UserId], [Name]) VALUES (10, N'8f91ac99-439e-4da0-9732-8b83203aa412', N'Alice')
INSERT [dbo].[Employee] ([Id], [UserId], [Name]) VALUES (11, N'b302e6d1-7c17-47a0-9a7e-6df4a1ef4bab', N'Sam')
INSERT [dbo].[Employee] ([Id], [UserId], [Name]) VALUES (12, N'fbf49f00-582a-430f-8d89-b877bec8cd86', N'Tom')
SET IDENTITY_INSERT [dbo].[Employee] OFF
SET IDENTITY_INSERT [dbo].[InterventionType] ON 

INSERT [dbo].[InterventionType] ([Id], [Name], [Duration], [Costs]) VALUES (1, N'Portable Toilet', CAST(1.00 AS Decimal(10, 2)), CAST(65.00 AS Decimal(10, 2)))
INSERT [dbo].[InterventionType] ([Id], [Name], [Duration], [Costs]) VALUES (2, N'First Aid Kit', CAST(2.00 AS Decimal(10, 2)), CAST(30.00 AS Decimal(10, 2)))
INSERT [dbo].[InterventionType] ([Id], [Name], [Duration], [Costs]) VALUES (3, N'Tent', CAST(5.00 AS Decimal(10, 2)), CAST(90.00 AS Decimal(10, 2)))
SET IDENTITY_INSERT [dbo].[InterventionType] OFF
SET IDENTITY_INSERT [dbo].[Intervention] ON 

INSERT [dbo].[Intervention] ([Id], [EmployeeId], [ClientId], [InterventionTypeId], [Duration], [Costs], [Notes], [Created]) VALUES (1, 9, 2, 1, CAST(5.00 AS Decimal(10, 2)), CAST(20.00 AS Decimal(10, 2)), N'Note', CAST(N'2016-04-25 12:33:17.000' AS DateTime))
INSERT [dbo].[Intervention] ([Id], [EmployeeId], [ClientId], [InterventionTypeId], [Duration], [Costs], [Notes], [Created]) VALUES (5, 10, 3, 2, CAST(4.00 AS Decimal(10, 2)), CAST(25.00 AS Decimal(10, 2)), N'Note', CAST(N'2016-03-28 14:33:17.000' AS DateTime))
INSERT [dbo].[Intervention] ([Id], [EmployeeId], [ClientId], [InterventionTypeId], [Duration], [Costs], [Notes], [Created]) VALUES (6, 11, 4, 3, CAST(5.00 AS Decimal(10, 2)), CAST(80.00 AS Decimal(10, 2)), N'Note', CAST(N'2016-04-29 12:33:17.000' AS DateTime))
INSERT [dbo].[Intervention] ([Id], [EmployeeId], [ClientId], [InterventionTypeId], [Duration], [Costs], [Notes], [Created]) VALUES (7, 4, 5, 2, CAST(6.00 AS Decimal(10, 2)), CAST(33.00 AS Decimal(10, 2)), N'Note', CAST(N'2016-05-01 08:33:17.000' AS DateTime))
INSERT [dbo].[Intervention] ([Id], [EmployeeId], [ClientId], [InterventionTypeId], [Duration], [Costs], [Notes], [Created]) VALUES (8, 12, 6, 3, CAST(8.00 AS Decimal(10, 2)), CAST(95.00 AS Decimal(10, 2)), N'Note', CAST(N'2016-05-01 10:15:17.000' AS DateTime))
INSERT [dbo].[Intervention] ([Id], [EmployeeId], [ClientId], [InterventionTypeId], [Duration], [Costs], [Notes], [Created]) VALUES (9, 3, 7, 1, CAST(2.00 AS Decimal(10, 2)), CAST(10.00 AS Decimal(10, 2)), N'Note', CAST(N'2016-05-02 15:15:17.000' AS DateTime))
SET IDENTITY_INSERT [dbo].[Intervention] OFF
SET IDENTITY_INSERT [dbo].[InterventionLifeRecord] ON 

INSERT [dbo].[InterventionLifeRecord] ([Id], [InterventionId], [EmployeeId], [RemainingLife], [DateOfVisit]) VALUES (1, 1, 11, CAST(65.00 AS Decimal(5, 2)), CAST(N'2016-04-24 00:40:05.000' AS DateTime))
INSERT [dbo].[InterventionLifeRecord] ([Id], [InterventionId], [EmployeeId], [RemainingLife], [DateOfVisit]) VALUES (3, 1, 4, CAST(25.00 AS Decimal(5, 2)), CAST(N'2016-04-24 00:41:11.400' AS DateTime))
SET IDENTITY_INSERT [dbo].[InterventionLifeRecord] OFF
SET IDENTITY_INSERT [dbo].[InterventionStateRecord] ON 

INSERT [dbo].[InterventionStateRecord] ([Id], [InterventionId], [EmployeeId], [State], [Created]) VALUES (1, 1, 1, N'APPROVE', CAST(N'2016-04-28 10:59:49.000' AS DateTime))
INSERT [dbo].[InterventionStateRecord] ([Id], [InterventionId], [EmployeeId], [State], [Created]) VALUES (2, 5, 10, N'CANCEL', CAST(N'2016-04-29 10:53:34.000' AS DateTime))
SET IDENTITY_INSERT [dbo].[InterventionStateRecord] OFF
INSERT [dbo].[Accountant] ([Id]) VALUES (2)
INSERT [dbo].[Manager] ([Id], [District], [MaxDuration], [MaxCosts]) VALUES (1, N'SYDNEY', CAST(500.00 AS Decimal(10, 2)), CAST(2000.00 AS Decimal(10, 2)))
INSERT [dbo].[SiteEngineer] ([Id], [District], [MaxDuration], [MaxCosts]) VALUES (3, N'SYDNEY', CAST(200.00 AS Decimal(10, 2)), CAST(1500.00 AS Decimal(10, 2)))
INSERT [dbo].[SiteEngineer] ([Id], [District], [MaxDuration], [MaxCosts]) VALUES (4, N'RURAL_NSW', CAST(70.00 AS Decimal(10, 2)), CAST(1000.00 AS Decimal(10, 2)))
INSERT [dbo].[SiteEngineer] ([Id], [District], [MaxDuration], [MaxCosts]) VALUES (9, N'URBAN_PNG', CAST(100.00 AS Decimal(10, 2)), CAST(1250.00 AS Decimal(10, 2)))
INSERT [dbo].[SiteEngineer] ([Id], [District], [MaxDuration], [MaxCosts]) VALUES (10, N'RURAL_PNG', CAST(90.00 AS Decimal(10, 2)), CAST(1310.00 AS Decimal(10, 2)))
INSERT [dbo].[SiteEngineer] ([Id], [District], [MaxDuration], [MaxCosts]) VALUES (11, N'URBAN_INDONESIA', CAST(500.00 AS Decimal(10, 2)), CAST(1790.00 AS Decimal(10, 2)))
INSERT [dbo].[SiteEngineer] ([Id], [District], [MaxDuration], [MaxCosts]) VALUES (12, N'RURAL_INDONESIA', CAST(85.00 AS Decimal(10, 2)), CAST(1100.00 AS Decimal(10, 2)))
INSERT [dbo].[AspNetRoles] ([Id], [Name]) VALUES (N'41f6ce95-9153-47c1-a020-1e62eaf103e2', N'Accountant')
INSERT [dbo].[AspNetRoles] ([Id], [Name]) VALUES (N'0f7b5775-3eda-4842-852d-86dc20754c20', N'Manager')
INSERT [dbo].[AspNetRoles] ([Id], [Name]) VALUES (N'82e28694-1497-4c13-b829-68b3cf7178f5', N'SiteEngineer')
INSERT [dbo].[AspNetUserRoles] ([UserId], [RoleId]) VALUES (N'0c5bfb3d-f37d-4e8b-8407-85c27b256b33', N'0f7b5775-3eda-4842-852d-86dc20754c20')
INSERT [dbo].[AspNetUserRoles] ([UserId], [RoleId]) VALUES (N'7306ce93-909b-4998-941c-3fd3844fe667', N'41f6ce95-9153-47c1-a020-1e62eaf103e2')
INSERT [dbo].[AspNetUserRoles] ([UserId], [RoleId]) VALUES (N'8638e3ad-14dc-4a3d-bace-a47307a79dc5', N'82e28694-1497-4c13-b829-68b3cf7178f5')
INSERT [dbo].[AspNetUserRoles] ([UserId], [RoleId]) VALUES (N'8c6c7238-1a63-4f7d-adf3-b7ae9d40987c', N'82e28694-1497-4c13-b829-68b3cf7178f5')
INSERT [dbo].[AspNetUserRoles] ([UserId], [RoleId]) VALUES (N'8f91ac99-439e-4da0-9732-8b83203aa412', N'82e28694-1497-4c13-b829-68b3cf7178f5')
INSERT [dbo].[AspNetUserRoles] ([UserId], [RoleId]) VALUES (N'b302e6d1-7c17-47a0-9a7e-6df4a1ef4bab', N'82e28694-1497-4c13-b829-68b3cf7178f5')
INSERT [dbo].[AspNetUserRoles] ([UserId], [RoleId]) VALUES (N'fa6d10e5-a80e-4cb9-a03c-ddfb1d648117', N'82e28694-1497-4c13-b829-68b3cf7178f5')
INSERT [dbo].[AspNetUserRoles] ([UserId], [RoleId]) VALUES (N'fbf49f00-582a-430f-8d89-b877bec8cd86', N'82e28694-1497-4c13-b829-68b3cf7178f5')
INSERT [dbo].[__MigrationHistory] ([MigrationId], [ContextKey], [Model], [ProductVersion]) VALUES (N'201604172310105_InitialCreate', N'ENETCare.IMS.Models.ApplicationDbContext', 0x1F8B0800000000000400DD5CDB6EDC36107D2FD07F10F4D416CECA9726488DDD04CEDA6E8DC617649DA06F0157E2AE8548942A518E8DA25FD6877E527FA14389BAF1A2CBAEBCBB0E020416393C331C0EC9E170B8FFFDF3EFF8ED83EF19F7388ADD804CCC83D1BE696062078E4B961333A18B17AFCDB76FBEFF6E7CE6F80FC6A79CEE88D1414B124FCC3B4AC363CB8AED3BECA378E4BB7614C4C1828EECC0B790135887FBFBBF58070716060813B00C63FC2121D4F571FA019FD380D838A409F22E03077B312F879A598A6A5C211FC721B2F1C43CBB3ABB9DA2088F2E2E67A38CDC344E3C17812833EC2D4C031112504441D0E38F319ED12820CB590805C8BB7D0C31D02D901763DE81E392BC6B5FF60F595FACB2610E6527310DFC9E8007475C3996D87C25159B85F2407D67A066FAC87A9DAA70625E38382DFA1078A00091E1F1D48B18F1C4BC2C589CC4E115A6A3BCE128833C8F00EE6B107D195511F78CCEEDF60A633A1CEDB37F7BC634F16812E109C1098D90B767DC2473CFB57FC78FB7C1174C264707F3C5D1EB97AF9073F4EA677CF4B2DA53E82BD0D50AA0E8260A421C816C7851F4DF34AC7A3B4B6C5834ABB4C9B402B604F3C2342ED1C37B4C96F40E66CCE16BD338771FB0939770E3FA485C9846D08846097C5E259E87E61E2EEAAD469EECFF06AE872F5F0DC2F50ADDBBCB74E805FE30712298571FB097D6C6776E984DAFDA787FE664E751E0B3EFBA7D65B59F674112D9AC338196E416454B4CEBD28DADD2783B9934831ADEAC73D4DD376D26A96CDE4A52D6A1556642CE62D3B32197F769F976B6B8933084C14B4D8B69A4C9E014BBD54868BE67E444A5E11C74351C021DFA96D7C1331FB9DE000B61072EE0842CDCC8C7452FDF05607688F496F906C531AC03CE6F28BE6B101DFE1C40F419B69308CC7346911F3E39B79BBB80E0ABC49F33ABDF1CAFC186E6F66B708E6C1A446784B55A1BEF7D607F09127A469C5344F1476AE780ECF3D6F5BB030C22CE896DE3383E0763C6CE34001F3B07BC20F4E8B0371C5B9DB6ED884C3DE4FA6A4F4458473FE7A4A537A2A6903C120D99CA2B6912F57DB0744937517352BDA81945ABA89CACAFA80CAC9BA49C522F684AD02A674635989F978ED0F08E5E0ABBFB9EDE7A9BB76E2DA8A871062B24FE15131CC132E6DC204A7144CA11E8B26E6CC35948878F317DF2BD29E5F40979C9D0AC569A0DE92230FC6C4861777F36A46242F1BDEB30AFA4C3F1272706F84EF4EA9355FB9C1324DBF474A87573D3CC37B306E8A6CB491C07B69BCE0245E08B872DEAF2830F67B4C730B2DE887110E81818BACBB63C2881BE99A2515D9353EC618A8D133B0B0C4E516C2347562374C8E92158BEA32A042BE32175E17E927882A5E3883542EC1014C34C750995A7854B6C37445EAB9684961DB730D6F7828758738A434C18C3564D7461AE0E7F30010A3EC2A0B469686C552CAED910355EAB6ECCDB5CD872DCA5A8C4466CB2C577D6D825F7DF9EC4309B35B601E36C56491701B4A1BC6D18283FAB743500F1E0B26B062A9C983406CA5DAA8D18685D635B30D0BA4A9E9D816647D4AEE32F9C5777CD3CEB07E5CD6FEB8DEADA826DD6F4B163A699F99ED086420B1CC9E6793A6795F8812A0E6720273F9FC5DCD5154D8481CF30AD876C4A7F57E9875ACD20A21135019686D602CA2F0125206942F5102E8FE5354AC7BD881EB079DCAD1196AFFD026CC50664ECEA656885507F652A1A67A7D347D1B3C21A2423EF7458A8E0280C425CBCEA1DEFA0145D5C56564C175FB88F375CE9181F8C0605B578AE1A25E59D195C4BB969B66B49E590F571C9D6D292E03E69B4947766702D711B6D5792C229E8E116ACA5A2FA163ED064CB231DC56E53D48DAD2C498A178C2D4D36D5F81285A14B9695EC2A5E62CCB2D4AAE98B59FF94233FC3B0EC58917954485B70A241849658A805D620E9B91BC5F4145134472CCE33757C894CB9B76A96FF9C6575FB940731DF07726AF637BF14565CDDD7365BD91BE120E7D0459FB934691C5D6100EAE6064B77431E8A14A1FB69E0253ED17B58FAD6D9055EB57D5622238C2D417EC98392D425F9B975DD771A1979560C354A8507B3FA48E92174FACEFDCFAAC6753EA91E250F5155517461ABAD8D9CCE95E9375AA29BD87FB05A119E6666F1DC942A002FEA8951496F90C02A75DD51EB192855CC7A4D774421CDA40A2954F590B29A4C5213B25AB1129E46A36A8AEE1CE4F4912ABA5CDB1D59914852855654AF80AD9059ACEB8EAAC835A9022BAABB63978927E22ABAC37B97F6F0B2FAE6951D70D7DBBD34184FB3240EB3F955EEF1AB4095E29E58FCA65E02E3E53B694EDA53DEEAE6940536D633270D867EEDA95D81D7979EC67B7B3D66ED5EBBB6BC37DDEBEBF1FA19ED939A8674CA13490AEEC5694F38D58DF909ABFD218D74E4CA484C2357236CED8F31C5FE88118C667F7A53CFC56C21CF092E11711738A6592E8779B87F70283CC5D99D6731561C3B9EE284AA7B1B531FB30DA465917B14D97728929324D6783A52824AF1E70BE2E08789F957DAEA380D65B0BFD2E23DE322FE48DC3F13A8B88D126CFC2D277D0E934ADF7CCEDAD1870FDDB57AF1C7E7ACE99E711DC18C3936F6055DAE32C2F5E710BDA4C99AAE21CDCA8F249EEF84AABD4150A20A1362F5270773970EF2DC2097F2071F3DFCD85734E59382B51015CF0686C21B4485BA6701AB60699F0438F049D32701FD3AAB7E22B08A68DAE7012EE90F263E0EE8BE0CE52DB7B8D5280E459B5892523DB72657AF9569B9EDBD49CAC15E6BA2CB79D63DE0D6C8A55EC1329E591AF260BBA322CB7830EC6D9AF693A716EF4A367199E7B1DD24E24DE60D37DC0C7D53E9C23B90E0A648D8D97E52F0A66D4D17C8DDF1CCCA7EA9BF3B666C3C8D6BFB09BE9B36365D9877C78DAD571AEF8ED9DAB6F6CF2D5B5AE72D74EB49B9727E91E64246150B6E4BBACD02E770C29F076004994799BD955467793565A8B6302C49F44CF5E965226369E2487C258A66B6FDFACA37FCC6CE729A66B69AA4CC26DE7CFD6FE4CD699A796B521DB7912EAC4C3654A570B7AC634D7950CF293DB8D693966CF4369FB5F176FD3965030FA294DAECD1DC113F9FE4DF415432E4D4E991EC2B5FF7C2DE59F97545D8BF63775942B0DF5A24D8AEED9A05CD055904F9E62D48949308119A4B4C91035BEA4944DD05B22954B31873FAD83B8DDBB19B8E39762EC87542C3844297B13FF76A012FE60434F14F339AEB328FAFC3F4774B86E80288E9B2D8FC357997B89E53C87DAE880969209877C123BA6C2C298BEC2E1F0BA4AB807404E2EA2B9CA25BEC871E80C5D76486EEF12AB281F9BDC74B643F9611401D48FB40D4D53E3E75D132427ECC31CAF6F00936ECF80F6FFE075F641DA064540000, N'6.1.3-40302')
INSERT [dbo].[Months] ([Id], [Name]) VALUES (1, N'January')
INSERT [dbo].[Months] ([Id], [Name]) VALUES (2, N'February')
INSERT [dbo].[Months] ([Id], [Name]) VALUES (3, N'March')
INSERT [dbo].[Months] ([Id], [Name]) VALUES (4, N'April')
INSERT [dbo].[Months] ([Id], [Name]) VALUES (5, N'May')
INSERT [dbo].[Months] ([Id], [Name]) VALUES (6, N'June')
INSERT [dbo].[Months] ([Id], [Name]) VALUES (7, N'July')
INSERT [dbo].[Months] ([Id], [Name]) VALUES (8, N'August')
INSERT [dbo].[Months] ([Id], [Name]) VALUES (9, N'September')
INSERT [dbo].[Months] ([Id], [Name]) VALUES (10, N'October')
INSERT [dbo].[Months] ([Id], [Name]) VALUES (11, N'November')
INSERT [dbo].[Months] ([Id], [Name]) VALUES (12, N'December')
